
INSERT INTO PACIENTE VALUES ('john_v10','John','Valarezo','0987654321','1999-10-10','Soltero','jovamaci@espol.edu.ec','clave123');
INSERT INTO PACIENTE VALUES ('alanvillav','Alan','Villavicencio','0987654322','2000-11-11','Casado','alanvillav@espol.edu.ec','clave124');
INSERT INTO PACIENTE VALUES ('carlosloor','Carlos','Loor','0987654323','2001-12-12','Soltero','carlosloor@espol.edu.ec','clave125');
INSERT INTO PACIENTE VALUES ('zargame','Ricardo','Zaruma','0987654324','2002-01-01','Soltero','zargame@espol.edu.ec','clave126');
INSERT INTO PACIENTE VALUES ('jagarces','Jose','Garces','0987654325','2003-02-02','Soltero','jagarces@espol.edu.ec','clave127');
INSERT INTO PACIENTE VALUES ('giunvein','Giuliana','Navarrete','0945783567','2000-09-18','Casado','giunvein@espol.edu.ec','clave128');
INSERT INTO PACIENTE VALUES ('esinti','Esthela','Veintimilla','0965893765','1998-05-21','Soltero','esinti@espol.edu.ec','clave129');
INSERT INTO PACIENTE VALUES ('mecal','Melissa','Calderon','0949371529','2002-04-12','Soltero','mecal@espol.edu.ec','clave130');
INSERT INTO PACIENTE VALUES ('ianvilla','Ian','Villacis','0968325790','2000-08-07','Soltero','ianvilla@espol.edu.ec','clave131');
INSERT INTO PACIENTE VALUES ('josper','Jose','Perez','0950347826','1999-01-26','Soltero','josper@espol.edu.ec','clave132');
INSERT INTO PACIENTE VALUES ('camneva','Camila','Nevarez','0923154907','2001-07-25','Soltero','camneva@espol.edu.ec','clave133');
INSERT INTO PACIENTE VALUES ('danfra','Daniel','Franco','0998532095','2000-06-11','Soltero','danfra@espol.edu.ec','clave134');
INSERT INTO PACIENTE VALUES ('ethago','Ethan','Hago','0943526758','2004-04-14','Soltero','ethago@espol.edu.ec','clave135');
INSERT INTO PACIENTE VALUES ('leocab','Leonel','Cabrera','09','2002-02-25','Soltero','leocab@espol.edu.ec','clave136');
INSERT INTO PACIENTE VALUES ('fersal','Fernando','Saltos','0997538205','2001-10-13','Soltero','fersal@espol.edu.ec','clave137');
INSERT INTO PACIENTE VALUES ('sebamp','Sebastian','Ampuero','0922367745','2000-02-20','Soltero','sebamp@espol.edu.ec','clave138');
INSERT INTO PACIENTE VALUES ('milop','Michelle','Lopez','0933265789','2000-06-23','Soltero','milop@espol.edu.ec','clave139');
INSERT INTO PACIENTE VALUES ('diesos','Diego','Sosa','0923143564','2001-01-13','Soltero','diesos@espol.edu.ec','clave140');
INSERT INTO PACIENTE VALUES ('jospan','Jose','Panchana','0934564527','2001-02-24','Soltero','jospan@espol.edu.ec','clave141');
INSERT INTO PACIENTE VALUES ('jowu','Jhon','Wu','0921745689','2002-04-30','Soltero','jowu@espol.edu.ec','clave142');

INSERT INTO ESPECIALISTA VALUES(12345671, 'CLAVE1',	'ESP1',	TRUE, 123456789,'ESP1@GMAIL.COM','NOMBREESP1','APELLIDOESP1'); 
INSERT INTO ESPECIALISTA VALUES(12345672, 'CLAVE2',	'ESP2',	TRUE, 987654321,'ESP2@GMAIL.COM','NOMBREESP2','APELLIDOESP2');
INSERT INTO ESPECIALISTA VALUES(12345673, 'CLAVE3',	'ESP3',	TRUE, 987654322,'ESP3@GMAIL.COM','NOMBREESP3','APELLIDOESP3');
INSERT INTO ESPECIALISTA VALUES(12345674, 'CLAVE4',	'ESP4',	TRUE, 987654323,'ESP4@GMAIL.COM','NOMBREESP4','APELLIDOESP4');
INSERT INTO ESPECIALISTA VALUES(12345675, 'CLAVE5',	'ESP5',	FALSE, 987654324,'ESP5@GMAIL.COM','NOMBREESP5','APELLIDOESP5');
INSERT INTO ESPECIALISTA VALUES(12345676, 'CLAVE6',	'ESP6',	TRUE, 987654325,'ESP6@GMAIL.COM','NOMBREESP6','APELLIDOESP6');
INSERT INTO ESPECIALISTA VALUES(12345677, 'CLAVE7',	'ESP7',	FALSE, 987654326,'ESP7@GMAIL.COM','NOMBREESP7','APELLIDOESP7');
INSERT INTO ESPECIALISTA VALUES(12345678, 'CLAVE8',	'ESP8',	FALSE, 987654327,'ESP8@GMAIL.COM','NOMBREESP8','APELLIDOESP8');
INSERT INTO ESPECIALISTA VALUES(12345679, 'CLAVE9',	'ESP9',	TRUE, 987654328,'ESP9@GMAIL.COM','NOMBREESP9','APELLIDOESP9');
INSERT INTO ESPECIALISTA VALUES(12345680, 'CLAVE10','ESP10',FALSE, 987654329,'ESP10@GMAIL.COM','NOMBREESP10','APELLIDOESP10');
INSERT INTO ESPECIALISTA VALUES(12345681, 'CLAVE11','ESP11',FALSE, 987654310,'ESP11@GMAIL.COM','NOMBREESP11','APELLIDOESP11');
INSERT INTO ESPECIALISTA VALUES(12345682, 'CLAVE12','ESP12',FALSE, 987654311,'ESP12@GMAIL.COM','NOMBREESP12','APELLIDOESP12');
INSERT INTO ESPECIALISTA VALUES(12345683, 'CLAVE13','ESP13',TRUE, 987654312,'ESP13@GMAIL.COM','NOMBREESP13','APELLIDOESP13');
INSERT INTO ESPECIALISTA VALUES(12345684, 'CLAVE14','ESP14',FALSE, 987654313,'ESP14@GMAIL.COM','NOMBREESP14','APELLIDOESP14');
INSERT INTO ESPECIALISTA VALUES(12345685, 'CLAVE15','ESP15',FALSE, 987654314,'ESP15@GMAIL.COM','NOMBREESP15','APELLIDOESP15');
INSERT INTO ESPECIALISTA VALUES(12345686, 'CLAVE16','ESP16',TRUE, 987654315,'ESP16@GMAIL.COM','NOMBREESP16','APELLIDOESP16');
INSERT INTO ESPECIALISTA VALUES(12345687, 'CLAVE17','ESP17',FALSE, 987654316,'ESP17@GMAIL.COM','NOMBREESP17','APELLIDOESP17');
INSERT INTO ESPECIALISTA VALUES(12345688, 'CLAVE18','ESP18',TRUE, 987654317,'ESP18@GMAIL.COM','NOMBREESP18','APELLIDOESP18');
INSERT INTO ESPECIALISTA VALUES(12345689, 'CLAVE19','ESP19',FALSE, 987654318,'ESP19@GMAIL.COM','NOMBREESP19','APELLIDOESP19');
INSERT INTO ESPECIALISTA VALUES(12345690, 'CLAVE20','ESP20',FALSE, 987654319,'ESP20@GMAIL.COM','NOMBREESP20','APELLIDOESP20');

INSERT INTO CITA VALUES (2323, "ansiedad", "34", "2021-12-03 12:30:24", true, "zargame", 12345671);
INSERT INTO CITA VALUES (4242, "depresion", "45", "2021-9-06 13:30:25", false, "alanvillav", 12345671);
INSERT INTO CITA VALUES (5454, "depresion", "67", "2021-06-03 9:30:26", true, "carlosloor", 12345672);
INSERT INTO CITA VALUES (6767, "ansiedad", "89", "2021-12-03 10:30:24", false, "alanvillav", 12345673);
INSERT INTO CITA VALUES (4545, "transtorno obsesivo-compulsivo", "23", "2021-08-13 19:00:24", true, "jagarces", 12345674);
INSERT INTO CITA VALUES (3434, "ansiedad", "45", "2021-05-24 18:20:24", true, "giunvein", 12345674);
INSERT INTO CITA VALUES (8989, "trastorno por estrés postraumático.", "12", "2021-07-12 16:20:24", false, "esinti", 12345675);
INSERT INTO CITA VALUES (6565, "depresion", "46", "2021-06-30 15:50:24", true, "mecal", 12345675);
INSERT INTO CITA VALUES (1212, "trastorno por déficit de atención e hiperactividad (TDAH)", "87", "2021-10-14 12:00:24", false, "ianvilla", 12345676);
INSERT INTO CITA VALUES (2121, "transtorno obsesivo-compulsivo", "34", "2021-10-21 14:00:24", true, "josper", 12345674);
INSERT INTO CITA VALUES (3636, "trastorno por déficit de atención e hiperactividad (TDAH)", "25", "2021-09-23 15:30:24", true, "camneva", 12345680);
INSERT INTO CITA VALUES (7878, "trastorno por estrés postraumático.", "65", "2021-11-27 13:10:24", true, "danfra", 12345674);
INSERT INTO CITA VALUES (9595, "depresion", "23", "2021-09-29 09:50:24", false, "ethago", 12345681);
INSERT INTO CITA VALUES (6262, "ansiedad", "35", "2021-12-15 10:00:24", true, "leocab", 12345677);
INSERT INTO CITA VALUES (2222, "transtorno obsesivo-compulsivo", "54", "2021-10-17 08:30:24", true, "fersal", 12345678);
INSERT INTO CITA VALUES (1717, "ansiedad", "36", "2021-07-13 13:20:24", false, "sebamp", 12345685);
INSERT INTO CITA VALUES (0202, "depresion", "51", "2021-08-15 14:20:24", true, "milop", 12345671);
INSERT INTO CITA VALUES (5353, "transtorno obsesivo-compulsivo", "74", "2021-08-16 16:30:24", false, "diesos", 12345690);
INSERT INTO CITA VALUES (1010, "trastorno por estrés postraumático.", "43", "2021-07-04 18:40:24", true, "jospan", 12345672);
INSERT INTO CITA VALUES (8383, "ansiedad", "21", "2021-08-06 19:20:24", true, "jowu", 12345678);

INSERT INTO RESENA VALUES (0235671, "Me gusto la cita", 10, "alanvillav", 12345673, 6767);
INSERT INTO RESENA VALUES (0235672, "Muy agradable sujeto", 10, "john_v10", 12345671, 4242);
INSERT INTO RESENA VALUES (0235673, "Doctor muy gentil", 10, "carlosloor", 12345672, 5454);
INSERT INTO RESENA VALUES (0235674, "El doctor me escucha siempre", 10, "giunvein", 12345674, 3434);
INSERT INTO RESENA VALUES (0235675, "Me llamo inestable", 5, "jagarces", 12345674, 4545);
INSERT INTO RESENA VALUES (0235676, "Fue muy profesional", 9, "zargame", 12345671, 2323);
INSERT INTO RESENA VALUES (0235677, "Me trato bien", 9, "esinti", 12345675, 8989);
INSERT INTO RESENA VALUES (0235678, "Se nota que conoce del tema", 9, "mecal", 12345675, 6565);
INSERT INTO RESENA VALUES (0235679, "Lo recomiendo mucho", 10, "ianvilla", 12345676, 1212);
INSERT INTO RESENA VALUES (0235610, "No me gusto su actitud", 6, "josper", 12345674, 2121);
INSERT INTO RESENA VALUES (0235611, "Me ayudo mucho hablar con el", 9, "camneva", 12345680, 3636);
INSERT INTO RESENA VALUES (0235612, "Es bueno escuchando", 10, "danfra", 12345674, 7878);
INSERT INTO RESENA VALUES (0235613, "Me trato mal", 3, "ethago", 12345681, 9595);
INSERT INTO RESENA VALUES (0235614, "Es muy buena persona", 10, "leocab", 12345677, 6262);
INSERT INTO RESENA VALUES (0235615, "Hizo comentarios innecesarios", 4, "fersal", 12345678, 2222);
INSERT INTO RESENA VALUES (0235616, "Me ayudo mucho hablarle", 9, "sebamp", 12345685, 1717);
INSERT INTO RESENA VALUES (0235617, "Me entendio perfectamente", 10, "milop", 12345671, 0202);
INSERT INTO RESENA VALUES (0235618, "Me gusto la cita", 8, "diesos", 12345690, 5353);
INSERT INTO RESENA VALUES (0235619, "Tratare de realizar mas citas con el", 9, "jospan", 12345672, 1010);
INSERT INTO RESENA VALUES (0235620, "Excelente profesional", 10, "jowu", 12345678, 8383);

INSERT INTO DIARIO VALUES (1231, "zargame", 12345671);
INSERT INTO DIARIO VALUES (1232, "alanvillav", 12345673);
INSERT INTO DIARIO VALUES (1233,"carlosloor", 12345672);
INSERT INTO DIARIO VALUES (1234, "john_v10", 12345671);
INSERT INTO DIARIO VALUES (1235, "jagarces", 12345674);
INSERT INTO DIARIO VALUES (1236, "giunvein", 12345674);
INSERT INTO DIARIO VALUES (1237, "esinti", 12345675);
INSERT INTO DIARIO VALUES (1238, "mecal", 12345675);
INSERT INTO DIARIO VALUES (1239, "ianvilla", 12345676);
INSERT INTO DIARIO VALUES (1240, "josper", 12345674);
INSERT INTO DIARIO VALUES (1241, "camneva", 12345680);
INSERT INTO DIARIO VALUES (1242, "danfra", 12345674);
INSERT INTO DIARIO VALUES (1243, "ethago", 12345681);
INSERT INTO DIARIO VALUES (1244, "leocab", 12345677);
INSERT INTO DIARIO VALUES (1245, "fersal", 12345678);
INSERT INTO DIARIO VALUES (1246, "sebamp", 12345685);
INSERT INTO DIARIO VALUES (1247, "milop", 12345671);
INSERT INTO DIARIO VALUES (1248, "diesos", 12345690);
INSERT INTO DIARIO VALUES (1249, "jospan", 12345672);
INSERT INTO DIARIO VALUES (1250, "jowu", 12345678);

INSERT INTO EMOCION VALUES (1, "ENOJO");
INSERT INTO EMOCION VALUES (2, "TRISTEZA");
INSERT INTO EMOCION VALUES (3, "FELICIDAD");
INSERT INTO EMOCION VALUES (4, "ALEGRIA");
INSERT INTO EMOCION VALUES (5, "MIEDO");
INSERT INTO EMOCION VALUES (6, "ALEGRIA");
INSERT INTO EMOCION VALUES (7, "FELICIDAD");
INSERT INTO EMOCION VALUES (8, "MIEDO");
INSERT INTO EMOCION VALUES (9, "ALEGRIA");
INSERT INTO EMOCION VALUES (10, "FELICIDAD");
INSERT INTO EMOCION VALUES (11, "TRISTEZA");
INSERT INTO EMOCION VALUES (12, "MIEDO");
INSERT INTO EMOCION VALUES (13, "PREOCUPACION");
INSERT INTO EMOCION VALUES (14, "ALEGRIA");
INSERT INTO EMOCION VALUES (15, "TRISTEZA");
INSERT INTO EMOCION VALUES (16, "ALEGRIA");
INSERT INTO EMOCION VALUES (17, "ENOJO");
INSERT INTO EMOCION VALUES (18, "FELICIDAD");
INSERT INTO EMOCION VALUES (19, "TRISTEZA");
INSERT INTO EMOCION VALUES (20, "FELICIDAD");

INSERT INTO ENTRADA_DIARIO(FECHAHORA,NOTA,DIARIO_ID,EMOCION_ID) VALUES ("2021-12-04 14:30:24","ME SIENTO MUCHO MEJOR QUE EN DIAS ANTERIORES",1231,3);
INSERT INTO ENTRADA_DIARIO(FECHAHORA,NOTA,DIARIO_ID,EMOCION_ID) VALUES ("2021-10-04 13:30:24","ME SIENTO TRISTE POR MI FAMILIA",1232,2);
INSERT INTO ENTRADA_DIARIO(FECHAHORA,NOTA,DIARIO_ID,EMOCION_ID) VALUES ("2021-08-12 14:30:24","ME SIENTO MUCHO MEJOR QUE EN DIAS ANTERIORES",1231,4);
INSERT INTO ENTRADA_DIARIO(FECHAHORA,NOTA,DIARIO_ID,EMOCION_ID) VALUES ("2021-09-04 15:30:24","ME SIENTO PEOR MEJOR QUE EN DIAS ANTERIORES",1233,11);
INSERT INTO ENTRADA_DIARIO(FECHAHORA,NOTA,DIARIO_ID,EMOCION_ID) VALUES ("2021-12-12 12:30:24","HOY TUVE MI PRIMERA CITA Y ME HIZO SENTIR BIEN",1239,10);
INSERT INTO ENTRADA_DIARIO(FECHAHORA,NOTA,DIARIO_ID,EMOCION_ID) VALUES ("2021-11-24 14:00:24","ME PASO ALGO QUE ME HIZO SENTIR MAL",1238,11);
INSERT INTO ENTRADA_DIARIO(FECHAHORA,NOTA,DIARIO_ID,EMOCION_ID) VALUES ("2021-07-13 11:30:24","ME SWNRI INUTIL AL NO PODER AYUDAR A MIS AMIGOS",1235,18);
INSERT INTO ENTRADA_DIARIO(FECHAHORA,NOTA,DIARIO_ID,EMOCION_ID) VALUES ("2021-12-20 14:20:24","HOY PUDE APOYAR A MI FAMILIA Y ME SENTI FELIZ",1237,14);
INSERT INTO ENTRADA_DIARIO(FECHAHORA,NOTA,DIARIO_ID,EMOCION_ID) VALUES ("2021-08-08 14:00:24","ME SIENTO CON MIEDO A LO QUE PUEDA PASAR EN EL FUTURO",1235,5);
INSERT INTO ENTRADA_DIARIO(FECHAHORA,NOTA,DIARIO_ID,EMOCION_ID) VALUES ("2021-10-10 13:30:24","SIENTO QUE LAS COSAS PODRIAN HABER SIDO MEJORES",1235,13);
INSERT INTO ENTRADA_DIARIO(FECHAHORA,NOTA,DIARIO_ID,EMOCION_ID) VALUES ("2021-09-02 12:45:24","ME SIENTO UN POCO TRISTE",1235,15);
INSERT INTO ENTRADA_DIARIO(FECHAHORA,NOTA,DIARIO_ID,EMOCION_ID) VALUES ("2021-11-07 18:30:24","ME SIENTO FELIZ",1245,16);
INSERT INTO ENTRADA_DIARIO(FECHAHORA,NOTA,DIARIO_ID,EMOCION_ID) VALUES ("2021-12-17 16:50:24","SIENTO QUE PUEDO HACER TODO LO QUE ME PROPONGA",1234,20);
INSERT INTO ENTRADA_DIARIO(FECHAHORA,NOTA,DIARIO_ID,EMOCION_ID) VALUES ("2021-11-14 17:30:24","ESTOY FELIZ POR ALGO QUE ME PASO",1240,7);
INSERT INTO ENTRADA_DIARIO(FECHAHORA,NOTA,DIARIO_ID,EMOCION_ID) VALUES ("2021-10-29 10:40:24","ME SIENTO ENOJADO POR UNA PELEA QUE TUVE",1235,17);
INSERT INTO ENTRADA_DIARIO(FECHAHORA,NOTA,DIARIO_ID,EMOCION_ID) VALUES ("2021-12-28 08:30:24","ME SIENTO MUCHO MEJOR QUE DIAS ATRAS",1232,9);
INSERT INTO ENTRADA_DIARIO(FECHAHORA,NOTA,DIARIO_ID,EMOCION_ID) VALUES ("2021-09-17 10:15:24","SIENTO QUE NO LE AGARDO A LA GENTE",1235,8);
INSERT INTO ENTRADA_DIARIO(FECHAHORA,NOTA,DIARIO_ID,EMOCION_ID) VALUES ("2021-12-23 09:30:24","ME SIENTO ALEGRE",1237,6);
INSERT INTO ENTRADA_DIARIO(FECHAHORA,NOTA,DIARIO_ID,EMOCION_ID) VALUES ("2021-08-12 12:20:24","ME SIENTO TRISTE POR QUE PERDI ALGO IMPORTANTE",1236,19);
INSERT INTO ENTRADA_DIARIO(FECHAHORA,NOTA,DIARIO_ID,EMOCION_ID) VALUES ("2021-11-24 13:50:24","ME SIENTO TEMEROSO",1250,12);

INSERT INTO CARACTERISTICA VALUES (12341,"DEPRESION",'john_v10');
INSERT INTO CARACTERISTICA VALUES (12342,"SOLEDAD",'alanvillav');
INSERT INTO CARACTERISTICA VALUES (12343,"BULIMIA",'carlosloor');
INSERT INTO CARACTERISTICA VALUES (12344,"ANOREXIA",'zargame');
INSERT INTO CARACTERISTICA VALUES (12345,"DEPRESION",'jagarces');

INSERT INTO ESP_DISPONIBLE VALUES ("2021-12-04 14:30:00",true,'12345678');


