
INSERT INTO PACIENTE VALUES ('john_v10','John','Valarezo','0987654321','1999-10-10','Soltero','jovamaci@espol.edu.ec','clave123');
INSERT INTO PACIENTE VALUES ('alanvillav','Alan','Villavicencio','0987654322','2000-11-11','Casado','alanvillav@espol.edu.ec','clave124');
INSERT INTO PACIENTE VALUES ('carlosloor','Carlos','Loor','0987654323','2001-12-12','Soltero','carlosloor@espol.edu.ec','clave125');
INSERT INTO PACIENTE VALUES ('zargame','Ricardo','Zaruma','0987654324','2002-01-01','Soltero','zargame@espol.edu.ec','clave126');
INSERT INTO PACIENTE VALUES ('jagarces','Jose','Garces','0987654325','2003-02-02','Soltero','jagarces@espol.edu.ec','clave127');

INSERT INTO ESPECIALISTA VALUES(12345678, 'CLAVE1',		'ESP1',	 TRUE, 123456789,	'ESP1@GMAIL.COM','NOMBREESP1','APELLIDOESP1'); 
INSERT INTO ESPECIALISTA VALUES(12345671, 'CLAVE2',		'ESP2',	 TRUE, 987654321,	'ESP2@GMAIL.COM','NOMBREESP2','APELLIDOESP2');
INSERT INTO ESPECIALISTA VALUES(12345672, 'CLAVE3',		'ESP3',	 TRUE, 987654322,	'ESP3@GMAIL.COM','NOMBREESP3','APELLIDOESP3');
INSERT INTO ESPECIALISTA VALUES(12345673, 'CLAVE4',		'ESP4',	 TRUE, 987654323,	'ESP4@GMAIL.COM','NOMBREESP4','APELLIDOESP4');
INSERT INTO ESPECIALISTA VALUES(12345674, 'CLAVE5',		'ESP5',	 FALSE, 987654324,	'ESP5@GMAIL.COM','NOMBREESP5','APELLIDOESP5');

INSERT INTO CITA VALUES (2323, "PARACETAMOL", "34", "2021-12-03 12:30:24", true, "ZARGAME", 12345678);
INSERT INTO CITA VALUES (4242, "IBUPOFRENO", "45", "2021-9-06 12:30:25", false, "alanvillav", 12345671);
INSERT INTO CITA VALUES (3454, "AMOXICILINA", "67", "2021-06-03 12:30:26", true, "carlosloor", 12345672);
INSERT INTO CITA VALUES (6767, "DIGERIL", "89", "2021-12-03 19:30:24", false, "alanvillav", 12345673);
INSERT INTO CITA VALUES (4532, "PARACETAMOL", "23", "2021-08-07 19:20:24", true, "jagarces", 12345674);

INSERT INTO RESENA VALUES (0235671, "ME GUSTO LA CITA", 10, "alanvillav", 12345671, 2323);
INSERT INTO RESENA VALUES (0235672, "Muy agradable sujeto", 10, "alanvillav", 12345672, 2323);
INSERT INTO RESENA VALUES (0235673, "Doctor muy gentil", 10, "alanvillav", 12345673, 3454);
INSERT INTO RESENA VALUES (0235674, "El doctor me escucha siempre", 10, "alanvillav", 12345674, 2323);
INSERT INTO RESENA VALUES (0235675, "Me llamo inestable", 5, "alanvillav", 12345672, 6767);

INSERT INTO DIARIO VALUES (1231, "ZARGAME", 12345678);
INSERT INTO DIARIO VALUES (1232, "alanvillav", 12345671);
INSERT INTO DIARIO VALUES (1233,"carlosloor", 12345672);
INSERT INTO DIARIO VALUES (1234, "alanvillav", 12345673);
INSERT INTO DIARIO VALUES (1235, "jagarces", 12345674);

INSERT INTO EMOCION VALUES (1, "ENOJO");
INSERT INTO EMOCION VALUES (2, "TRISTEZA");
INSERT INTO EMOCION VALUES (3, "FELICIDAD");
INSERT INTO EMOCION VALUES (4, "ALEGRIA");
INSERT INTO EMOCION VALUES (5, "MIEDO");

INSERT INTO ENTRADA_DIARIO(FECHAHORA,NOTA,DIARIO_ID,EMOCION_ID) VALUES ("2021-12-04 14:30:24","ME SIENTO MUCHO MEJOR QUE EN DIAS ANTERIORES",1231,3);
INSERT INTO ENTRADA_DIARIO(FECHAHORA,NOTA,DIARIO_ID,EMOCION_ID) VALUES ("2021-12-04 13:30:24","ME SIENTO TRISTE POR MI FAMILIA",1232,1);
INSERT INTO ENTRADA_DIARIO(FECHAHORA,NOTA,DIARIO_ID,EMOCION_ID) VALUES ("2021-12-04 14:30:24","ME SIENTO MUCHO MEJOR QUE EN DIAS ANTERIORES",1231,3);
INSERT INTO ENTRADA_DIARIO(FECHAHORA,NOTA,DIARIO_ID,EMOCION_ID) VALUES ("2021-12-04 14:30:24","ME SIENTO PEOR MEJOR QUE EN DIAS ANTERIORES",1233,2);
INSERT INTO ENTRADA_DIARIO(FECHAHORA,NOTA,DIARIO_ID,EMOCION_ID) VALUES ("2021-12-04 14:30:24","ME SIENTO MUCHO MEJOR QUE EN DIAS ANTERIORES",1235,5);

INSERT INTO CARACTERISTICA VALUES (12341,"DEPRESION",'john_v10');
INSERT INTO CARACTERISTICA VALUES (12342,"SOLEDAD",'alanvillav');
INSERT INTO CARACTERISTICA VALUES (12343,"BULIMIA",'carlosloor');
INSERT INTO CARACTERISTICA VALUES (12344,"ANOREXIA",'zargame');
INSERT INTO CARACTERISTICA VALUES (12345,"DEPRESION",'jagarces');

INSERT INTO ESP_DISPONIBLE VALUES ("2021-12-04 14:30:00",true,'12345678');


