INSERT INTO PACIENTE VALUES ('john_v10','John','Valarezo','0987654321','1999-10-10','Soltero','jovamaci@espol.edu.ec','clave123');
INSERT INTO PACIENTE VALUES ('alanvillav','Alan','Villavicencio','0987654322','2000-11-11','Casado','alanvillav@espol.edu.ec','clave124');
INSERT INTO PACIENTE VALUES ('carlosloor','Carlos','Loor','0987654323','2001-12-12','Soltero','carlosloor@espol.edu.ec','clave125');
INSERT INTO PACIENTE VALUES ('zargame','Ricardo','Zaruma','0987654324','2002-01-01','Soltero','zargame@espol.edu.ec','clave126');
INSERT INTO PACIENTE VALUES ('jagarces','Jose','Garces','0987654325','2003-02-02','Soltero','jagarces@espol.edu.ec','clave127');
INSERT INTO PACIENTE VALUES ('giunvein','Giuliana','Navarrete','0945783567','2000-09-18','Casado','giunvein@espol.edu.ec','clave128');
INSERT INTO PACIENTE VALUES ('esinti','Esthela','Veintimilla','0965893765','1998-05-21','Soltero','esinti@espol.edu.ec','clave129');
INSERT INTO PACIENTE VALUES ('mecal','Melissa','Calderon','0949371529','2002-04-12','Soltero','mecal@espol.edu.ec','clave130');
INSERT INTO PACIENTE VALUES ('ianvilla','Ian','Villacis','0968325790','2000-08-07','Soltero','ianvilla@espol.edu.ec','clave131');
INSERT INTO PACIENTE VALUES ('josper','Jose','Perez','0950347826','1999-01-26','Soltero','josper@espol.edu.ec','clave132');
INSERT INTO PACIENTE VALUES ('camneva','Camila','Nevarez','0923154907','2001-07-25','Soltero','camneva@espol.edu.ec','clave133');
INSERT INTO PACIENTE VALUES ('danfra','Daniel','Franco','0998532095','2000-06-11','Soltero','danfra@espol.edu.ec','clave134');
INSERT INTO PACIENTE VALUES ('ethago','Ethan','Hago','0943526758','2004-04-14','Soltero','ethago@espol.edu.ec','clave135');
INSERT INTO PACIENTE VALUES ('leocab','Leonel','Cabrera','09','2002-02-25','Soltero','leocab@espol.edu.ec','clave136');
INSERT INTO PACIENTE VALUES ('fersal','Fernando','Saltos','0997538205','2001-10-13','Soltero','fersal@espol.edu.ec','clave137');
INSERT INTO PACIENTE VALUES ('sebamp','Sebastian','Ampuero','0922367745','2000-02-20','Soltero','sebamp@espol.edu.ec','clave138');
INSERT INTO PACIENTE VALUES ('milop','Michelle','Lopez','0933265789','2000-06-23','Soltero','milop@espol.edu.ec','clave139');
INSERT INTO PACIENTE VALUES ('diesos','Diego','Sosa','0923143564','2001-01-13','Soltero','diesos@espol.edu.ec','clave140');
INSERT INTO PACIENTE VALUES ('jospan','Jose','Panchana','0934564527','2001-02-24','Soltero','jospan@espol.edu.ec','clave141');
INSERT INTO PACIENTE VALUES ('jowu','Jhon','Wu','0921745689','2002-04-30','Soltero','jowu@espol.edu.ec','clave142');
INSERT INTO PACIENTE VALUES ('caper','Carlos','Perez','0955465739','2001-01-01','Soltero','carper@espol.edu.ec','clave143');
INSERT INTO PACIENTE VALUES ('ferom','Felipe','Romero','0912213879','2003-04-15','Soltero','ferom@espol.edu.ec','clave144');
INSERT INTO PACIENTE VALUES ('crisam','Christopher','Amador','0945333657','2003-02-23','Soltero','crisam@espol.edu.ec','clave145');
INSERT INTO PACIENTE VALUES ('palcor','Paul','Cordova','0987455377','2000-07-18','Soltero','palcor@espol.edu.ec','clave146');
INSERT INTO PACIENTE VALUES ('gracgu','Graciela','Guerrero','0919283746','2002-10-12','Soltero','gracgu@espol.edu.ec','clave147');
INSERT INTO PACIENTE VALUES ('genba','Genesis','Benavidez','0965748392','2001-11-03','Soltero','genba@espol.edu.ec','clave148');
INSERT INTO PACIENTE VALUES ('gable','Gabriel','Leon','0928463744','2003-06-16','Soltero','gable@espol.edu.ec','clave149');
INSERT INTO PACIENTE VALUES ('ricox','Richard','Cox','0998655631','2000-03-22','Soltero','ricox@espol.edu.ec','clave150');
INSERT INTO PACIENTE VALUES ('anmal','Andrea','Maldonado','0922334342','2001-12-21','Soltero','anmal@espol.edu.ec','clave151');
INSERT INTO PACIENTE VALUES ('usuap1','Usu','Ap','0911111111','2000-05-12','Soltero','usuap1@espol.edu.ec','clave152');
INSERT INTO PACIENTE VALUES ('usuap2','Usu','Ap','0922222222','2002-06-27','Casado','usuap2@espol.edu.ec','clave153');
INSERT INTO PACIENTE VALUES ('usuap3','Usu','Ap','0933333333','2002-07-24','Soltero','usuap3@espol.edu.ec','clave154');
INSERT INTO PACIENTE VALUES ('usuap4','Usu','Ap','0944444444','2003-08-22','Soltero','usuap4@espol.edu.ec','clave155');
INSERT INTO PACIENTE VALUES ('usuap5','Usu','Ap','0955555555','1999-09-19','Casado','usuap5@espol.edu.ec','clave156');
INSERT INTO PACIENTE VALUES ('usuap6','Usu','Ap','0966666666','1994-10-13','Casado','usuap6@espol.edu.ec','clave157');
INSERT INTO PACIENTE VALUES ('usuap7','Usu','Ap','0977777777','1997-11-18','Soltero','usuap7@espol.edu.ec','clave158');
INSERT INTO PACIENTE VALUES ('usuap8','Usu','Ap','0988888888','2001-12-14','Soltero','usuap8@espol.edu.ec','clave159');
INSERT INTO PACIENTE VALUES ('usuap9','Usu','Ap','0999999999','2002-01-21','Casado','usuap9@espol.edu.ec','clave160');
INSERT INTO PACIENTE VALUES ('usuap10','Usu','Ap','0910101010','2000-02-23','Soltero','usuap10@espol.edu.ec','clave161');
INSERT INTO PACIENTE VALUES ('usuap11','Usu','Ap','0912121212','2000-03-11','Casado','usuap11@espol.edu.ec','clave162');

INSERT INTO ESPECIALISTA VALUES(12345671, 'CLAVE1',	'ESP1',	TRUE, 123456789,'ESP1@GMAIL.COM','NOMBREESP1','APELLIDOESP1',10,3); 
INSERT INTO ESPECIALISTA VALUES(12345672, 'CLAVE2',	'ESP2',	TRUE, 987654321,'ESP2@GMAIL.COM','NOMBREESP2','APELLIDOESP2',9,4);
INSERT INTO ESPECIALISTA VALUES(12345673, 'CLAVE3',	'ESP3',	TRUE, 987654322,'ESP3@GMAIL.COM','NOMBREESP3','APELLIDOESP3',5,3);
INSERT INTO ESPECIALISTA VALUES(12345674, 'CLAVE4',	'ESP4',	TRUE, 987654323,'ESP4@GMAIL.COM','NOMBREESP4','APELLIDOESP4',7,4);
INSERT INTO ESPECIALISTA VALUES(12345675, 'CLAVE5',	'ESP5',	FALSE, 987654324,'ESP5@GMAIL.COM','NOMBREESP5','APELLIDOESP5',3,1);
INSERT INTO ESPECIALISTA VALUES(12345676, 'CLAVE6',	'ESP6',	TRUE, 987654325,'ESP6@GMAIL.COM','NOMBREESP6','APELLIDOESP6',7,2);
INSERT INTO ESPECIALISTA VALUES(12345677, 'CLAVE7',	'ESP7',	FALSE, 987654326,'ESP7@GMAIL.COM','NOMBREESP7','APELLIDOESP7',8,2);
INSERT INTO ESPECIALISTA VALUES(12345678, 'CLAVE8',	'ESP8',	FALSE, 987654327,'ESP8@GMAIL.COM','NOMBREESP8','APELLIDOESP8',9,2);
INSERT INTO ESPECIALISTA VALUES(12345679, 'CLAVE9',	'ESP9',	TRUE, 987654328,'ESP9@GMAIL.COM','NOMBREESP9','APELLIDOESP9',10,3);
INSERT INTO ESPECIALISTA VALUES(12345680, 'CLAVE10','ESP10',FALSE, 987654329,'ESP10@GMAIL.COM','NOMBREESP10','APELLIDOESP10',6,2);
INSERT INTO ESPECIALISTA VALUES(12345681, 'CLAVE11','ESP11',FALSE, 987654310,'ESP11@GMAIL.COM','NOMBREESP11','APELLIDOESP11',6,3);
INSERT INTO ESPECIALISTA VALUES(12345682, 'CLAVE12','ESP12',FALSE, 987654311,'ESP12@GMAIL.COM','NOMBREESP12','APELLIDOESP12',3,2);
INSERT INTO ESPECIALISTA VALUES(12345683, 'CLAVE13','ESP13',TRUE, 987654312,'ESP13@GMAIL.COM','NOMBREESP13','APELLIDOESP13',5,3);
INSERT INTO ESPECIALISTA VALUES(12345684, 'CLAVE14','ESP14',FALSE, 987654313,'ESP14@GMAIL.COM','NOMBREESP14','APELLIDOESP14',9,2);
INSERT INTO ESPECIALISTA VALUES(12345685, 'CLAVE15','ESP15',FALSE, 987654314,'ESP15@GMAIL.COM','NOMBREESP15','APELLIDOESP15',8,1);
INSERT INTO ESPECIALISTA VALUES(12345686, 'CLAVE16','ESP16',TRUE, 987654315,'ESP16@GMAIL.COM','NOMBREESP16','APELLIDOESP16',8,2);
INSERT INTO ESPECIALISTA VALUES(12345687, 'CLAVE17','ESP17',FALSE, 987654316,'ESP17@GMAIL.COM','NOMBREESP17','APELLIDOESP17',10,1);
INSERT INTO ESPECIALISTA VALUES(12345688, 'CLAVE18','ESP18',TRUE, 987654317,'ESP18@GMAIL.COM','NOMBREESP18','APELLIDOESP18',6,3);
INSERT INTO ESPECIALISTA VALUES(12345689, 'CLAVE19','ESP19',FALSE, 987654318,'ESP19@GMAIL.COM','NOMBREESP19','APELLIDOESP19',7,2);
INSERT INTO ESPECIALISTA VALUES(12345690, 'CLAVE20','ESP20',FALSE, 987654319,'ESP20@GMAIL.COM','NOMBREESP20','APELLIDOESP20',5,2);
INSERT INTO ESPECIALISTA VALUES(12345691, 'CLAVE21','ESP21',FALSE, 987654320,'ESP21@GMAIL.COM','NOMBREESP21','APELLIDOESP21',8,3);
INSERT INTO ESPECIALISTA VALUES(12345692, 'CLAVE22','ESP22',TRUE, 987654321,'ESP22@GMAIL.COM','NOMBREESP22','APELLIDOESP22',9,2);
INSERT INTO ESPECIALISTA VALUES(12345693, 'CLAVE23','ESP23',TRUE, 987654322,'ESP23@GMAIL.COM','NOMBREESP23','APELLIDOESP23',7,3);
INSERT INTO ESPECIALISTA VALUES(12345694, 'CLAVE24','ESP24',FALSE, 987654323,'ESP24@GMAIL.COM','NOMBREESP24','APELLIDOESP24',6,2);
INSERT INTO ESPECIALISTA VALUES(12345695, 'CLAVE25','ESP25',TRUE, 987654324,'ESP25@GMAIL.COM','NOMBREESP25','APELLIDOESP25',7,3);
INSERT INTO ESPECIALISTA VALUES(12345696, 'CLAVE26','ESP26',FALSE, 987654325,'ESP26@GMAIL.COM','NOMBREESP26','APELLIDOESP26',10,3);
INSERT INTO ESPECIALISTA VALUES(12345697, 'CLAVE27','ESP27',FALSE, 987654326,'ESP27@GMAIL.COM','NOMBREESP27','APELLIDOESP27',7,3);
INSERT INTO ESPECIALISTA VALUES(12345698, 'CLAVE28','ESP28',TRUE, 987654327,'ESP28@GMAIL.COM','NOMBREESP28','APELLIDOESP28',4,2);
INSERT INTO ESPECIALISTA VALUES(12345699, 'CLAVE29','ESP29',FALSE, 987654328,'ESP29@GMAIL.COM','NOMBREESP29','APELLIDOESP29',5,1);
INSERT INTO ESPECIALISTA VALUES(12345100, 'CLAVE30','ESP30',TRUE, 987654329,'ESP30@GMAIL.COM','NOMBREESP30','APELLIDOESP30',7,3);
INSERT INTO ESPECIALISTA VALUES(12345101, 'CLAVE31','ESP31',FALSE, 987654330,'ESP31@GMAIL.COM','NOMBREESP31','APELLIDOESP31',9,2);
INSERT INTO ESPECIALISTA VALUES(12345102, 'CLAVE32','ESP32',FALSE, 987654331,'ESP32@GMAIL.COM','NOMBREESP32','APELLIDOESP32',10,2);
INSERT INTO ESPECIALISTA VALUES(12345103, 'CLAVE33','ESP33',TRUE, 987654332,'ESP33@GMAIL.COM','NOMBREESP33','APELLIDOESP33',8,2);
INSERT INTO ESPECIALISTA VALUES(12345104, 'CLAVE34','ESP34',FALSE, 987654333,'ESP34@GMAIL.COM','NOMBREESP34','APELLIDOESP34',7,1);
INSERT INTO ESPECIALISTA VALUES(12345105, 'CLAVE35','ESP35',TRUE, 987654334,'ESP35@GMAIL.COM','NOMBREESP35','APELLIDOESP35',6,3);
INSERT INTO ESPECIALISTA VALUES(12345106, 'CLAVE36','ESP36',FALSE, 987654335,'ESP36@GMAIL.COM','NOMBREESP36','APELLIDOESP36',7,2);
INSERT INTO ESPECIALISTA VALUES(12345107, 'CLAVE37','ESP37',FALSE, 987654336,'ESP37@GMAIL.COM','NOMBREESP37','APELLIDOESP37',8,3);
INSERT INTO ESPECIALISTA VALUES(12345108, 'CLAVE38','ESP38',TRUE, 987654337,'ESP38@GMAIL.COM','NOMBREESP38','APELLIDOESP38',2,1);
INSERT INTO ESPECIALISTA VALUES(12345109, 'CLAVE39','ESP39',FALSE, 987654338,'ESP39@GMAIL.COM','NOMBREESP39','APELLIDOESP39',5,1);
INSERT INTO ESPECIALISTA VALUES(12345110, 'CLAVE40','ESP40',TRUE, 987654339,'ESP40@GMAIL.COM','NOMBREESP40','APELLIDOESP40',10,1);

INSERT INTO CITA VALUES (2323, "ansiedad", "34", "2021-12-03 12:30:24", true, "zargame", 12345671);
INSERT INTO CITA VALUES (4242, "depresion", "45", "2021-9-06 13:30:25", false, "alanvillav", 12345671);
INSERT INTO CITA VALUES (5454, "depresion", "67", "2021-06-03 9:30:26", true, "carlosloor", 12345672);
INSERT INTO CITA VALUES (6767, "ansiedad", "89", "2021-12-03 10:30:24", false, "alanvillav", 12345673);
INSERT INTO CITA VALUES (4545, "transtorno obsesivo-compulsivo", "23", "2021-08-13 19:00:24", true, "jagarces", 12345674);
INSERT INTO CITA VALUES (3434, "ansiedad", "45", "2021-05-24 18:20:24", true, "giunvein", 12345674);
INSERT INTO CITA VALUES (8989, "trastorno por estrés postraumático.", "12", "2021-07-12 16:20:24", false, "esinti", 12345675);
INSERT INTO CITA VALUES (6565, "depresion", "46", "2021-06-30 15:50:24", true, "mecal", 12345675);
INSERT INTO CITA VALUES (1212, "trastorno por déficit de atención e hiperactividad (TDAH)", "87", "2021-10-14 12:00:24", false, "ianvilla", 12345676);
INSERT INTO CITA VALUES (2121, "transtorno obsesivo-compulsivo", "34", "2021-10-21 14:00:24", true, "josper", 12345674);
INSERT INTO CITA VALUES (3636, "trastorno por déficit de atención e hiperactividad (TDAH)", "25", "2021-09-23 15:30:24", true, "camneva", 12345680);
INSERT INTO CITA VALUES (7878, "trastorno por estrés postraumático.", "65", "2021-11-27 13:10:24", true, "danfra", 12345674);
INSERT INTO CITA VALUES (9595, "depresion", "23", "2021-09-29 09:50:24", false, "ethago", 12345681);
INSERT INTO CITA VALUES (6262, "ansiedad", "35", "2021-12-15 10:00:24", true, "leocab", 12345677);
INSERT INTO CITA VALUES (2222, "transtorno obsesivo-compulsivo", "54", "2021-10-17 08:30:24", true, "fersal", 12345678);
INSERT INTO CITA VALUES (1717, "ansiedad", "36", "2021-07-13 13:20:24", false, "sebamp", 12345685);
INSERT INTO CITA VALUES (0202, "depresion", "51", "2021-08-15 14:20:24", true, "milop", 12345671);
INSERT INTO CITA VALUES (5353, "transtorno obsesivo-compulsivo", "74", "2021-08-16 16:30:24", false, "diesos", 12345690);
INSERT INTO CITA VALUES (1010, "trastorno por estrés postraumático.", "43", "2021-07-04 18:40:24", true, "jospan", 12345672);
INSERT INTO CITA VALUES (8383, "ansiedad", "21", "2021-08-06 19:20:24", true, "jowu", 12345678);
INSERT INTO CITA VALUES (1234, "depresion", "23", "2022-01-06 10:00:24", true, "caper", 12345680);
INSERT INTO CITA VALUES (1235, "ansiedad", "43", "2022-01-06 11:10:24", true, "caper", 12345681);
INSERT INTO CITA VALUES (1236, "transtorno obsesivo-compulsivo", "21", "2022-01-12 12:30:24", false, "ferom", 12345690);
INSERT INTO CITA VALUES (1237, "depresion", "34", "2022-01-11 18:30:24", true, "crisam", 12345691);
INSERT INTO CITA VALUES (1238, "ansiedad", "34", "2022-01-10 19:15:24", true, "palcor", 12345692);
INSERT INTO CITA VALUES (1239, "depresion", "23", "2022-01-15 17:15:24", false, "palcor", 12345101);
INSERT INTO CITA VALUES (1240, "transtorno obsesivo-compulsivo", "40", "2022-01-18 12:30:24", true, "palcor", 12345102);
INSERT INTO CITA VALUES (1241, "ansiedad", "30", "2022-01-20 12:25:24", true, "gracgu", 12345109);
INSERT INTO CITA VALUES (1242, "depresion", "35", "2022-01-21 10:10:24", true, "genba", 12345110);
INSERT INTO CITA VALUES (1243, "ansiedad", "30", "2022-01-22 09:00:24", false, "genba", 12345671);
INSERT INTO CITA VALUES (1244, "transtorno obsesivo-compulsivo", "20", "2022-01-19 08:00:24", true, "gable", 12345672);
INSERT INTO CITA VALUES (1245, "ansiedad", "15", "2021-10-11 10:30:24", true, "gable", 12345673);
INSERT INTO CITA VALUES (1246, "depresion", "30", "2021-10-04 12:25:24", true, "ricox", 12345674);
INSERT INTO CITA VALUES (1247, "depresion", "35", "2021-10-06 13:20:24", true, "ricox", 12345678);
INSERT INTO CITA VALUES (1248, "ansiedad", "20", "2021-11-05 13:15:24", false, "anmal", 12345679);
INSERT INTO CITA VALUES (1249, "transtorno obsesivo-compulsivo", "30", "2021-12-15 14:15:24", true, "anmal", 12345683);
INSERT INTO CITA VALUES (1250, "depresion", "15", "2021-12-20 15:20:24", true, "anmal", 12345684);
INSERT INTO CITA VALUES (1251, "ansiedad", "20", "2021-12-21 15:10:24", true, "usuap1", 12345685);
INSERT INTO CITA VALUES (1252, "ansiedad", "40", "2021-12-14 13:30:24", true, "usuap5", 12345686);
INSERT INTO CITA VALUES (1253, "depresion", "35", "2021-12-23 16:30:24", true, "usuap6", 12345687);

INSERT INTO RESENA VALUES (0235671, "Me gusto la cita", 10, "alanvillav", 12345673, 6767);
INSERT INTO RESENA VALUES (0235672, "Muy agradable sujeto", 10, "john_v10", 12345671, 4242);
INSERT INTO RESENA VALUES (0235673, "Doctor muy gentil", 10, "carlosloor", 12345672, 5454);
INSERT INTO RESENA VALUES (0235674, "El doctor me escucha siempre", 10, "giunvein", 12345674, 3434);
INSERT INTO RESENA VALUES (0235675, "Me llamo inestable", 5, "jagarces", 12345674, 4545);
INSERT INTO RESENA VALUES (0235676, "Fue muy profesional", 9, "zargame", 12345671, 2323);
INSERT INTO RESENA VALUES (0235677, "Me trato bien", 9, "esinti", 12345675, 8989);
INSERT INTO RESENA VALUES (0235678, "Se nota que conoce del tema", 9, "mecal", 12345675, 6565);
INSERT INTO RESENA VALUES (0235679, "Lo recomiendo mucho", 10, "ianvilla", 12345676, 1212);
INSERT INTO RESENA VALUES (0235610, "No me gusto su actitud", 6, "josper", 12345674, 2121);
INSERT INTO RESENA VALUES (0235611, "Me ayudo mucho hablar con el", 9, "camneva", 12345680, 3636);
INSERT INTO RESENA VALUES (0235612, "Es bueno escuchando", 10, "danfra", 12345674, 7878);
INSERT INTO RESENA VALUES (0235613, "Me trato mal", 3, "ethago", 12345681, 9595);
INSERT INTO RESENA VALUES (0235614, "Es muy buena persona", 10, "leocab", 12345677, 6262);
INSERT INTO RESENA VALUES (0235615, "Hizo comentarios innecesarios", 4, "fersal", 12345678, 2222);
INSERT INTO RESENA VALUES (0235616, "Me ayudo mucho hablarle", 9, "sebamp", 12345685, 1717);
INSERT INTO RESENA VALUES (0235617, "Me entendio perfectamente", 10, "milop", 12345671, 0202);
INSERT INTO RESENA VALUES (0235618, "Me gusto la cita", 8, "diesos", 12345690, 5353);
INSERT INTO RESENA VALUES (0235619, "Tratare de realizar mas citas con el", 9, "jospan", 12345672, 1010);
INSERT INTO RESENA VALUES (0235620, "Excelente profesional", 10, "jowu", 12345678, 8383);
INSERT INTO RESENA VALUES (0235643, "Me gusto la cita", 10, "caper", 12345680, 1234);
INSERT INTO RESENA VALUES (0235621, "Excelente profesional", 9, "caper", 12345681, 1235);
INSERT INTO RESENA VALUES (0235622, "Me ayudo mucho hablarle", 8, "ferom", 12345690, 1236);
INSERT INTO RESENA VALUES (0235623, "Es bueno escuchando", 10, "crisam", 12345691, 1237);
INSERT INTO RESENA VALUES (0235624, "Me trato bien", 10, "palcor", 12345692, 1238);
INSERT INTO RESENA VALUES (0235625, "Conoce del tema", 9, "palcor", 12345101, 1239);
INSERT INTO RESENA VALUES (0235626, "No me gusto su actitud", 5, "palcor", 12345102, 1240);
INSERT INTO RESENA VALUES (0235627, "Me gusto la cita", 10, "gracgu", 12345109, 1241);
INSERT INTO RESENA VALUES (0235628, "Excelente profesional", 8, "genba", 12345110, 1242);
INSERT INTO RESENA VALUES (0235629, "Fue muy profesional", 8, "genba", 12345671, 1243);
INSERT INTO RESENA VALUES (0235630, "Me trato bien", 9, "gable", 12345672, 1244);
INSERT INTO RESENA VALUES (0235631, "Me llamo inestable", 3, "gable", 12345673, 1245);
INSERT INTO RESENA VALUES (0235632, "Me senti seguro", 9, "ricox", 12345674, 1246);
INSERT INTO RESENA VALUES (0235633, "Me agrado su compañia", 9, "ricox", 12345678, 1247);
INSERT INTO RESENA VALUES (0235634, "Me trato mal", 2, "anmal", 12345679, 1248);
INSERT INTO RESENA VALUES (0235635, "Me gusto la cita", 9, "anmal", 12345683, 1249);
INSERT INTO RESENA VALUES (0235636, "Excelente profesional", 10, "anmal", 12345684, 1250);
INSERT INTO RESENA VALUES (0235637, "Es muy buen escuchando", 10, "usuap1", 12345685, 1251);
INSERT INTO RESENA VALUES (0235638, "Es una excelente persona", 9, "usuap5", 12345686, 1252);
INSERT INTO RESENA VALUES (0235639, "Me senti incomodo con el", 3, "usuap6", 12345687, 1253);

INSERT INTO DIARIO VALUES (1231, "zargame", 12345671);
INSERT INTO DIARIO VALUES (1232, "alanvillav", 12345673);
INSERT INTO DIARIO VALUES (1233,"carlosloor", 12345672);
INSERT INTO DIARIO VALUES (1234, "john_v10", 12345671);
INSERT INTO DIARIO VALUES (1235, "jagarces", 12345674);
INSERT INTO DIARIO VALUES (1236, "giunvein", 12345674);
INSERT INTO DIARIO VALUES (1237, "esinti", 12345675);
INSERT INTO DIARIO VALUES (1238, "mecal", 12345675);
INSERT INTO DIARIO VALUES (1239, "ianvilla", 12345676);
INSERT INTO DIARIO VALUES (1240, "josper", 12345674);
INSERT INTO DIARIO VALUES (1241, "camneva", 12345680);
INSERT INTO DIARIO VALUES (1242, "danfra", 12345674);
INSERT INTO DIARIO VALUES (1243, "ethago", 12345681);
INSERT INTO DIARIO VALUES (1244, "leocab", 12345677);
INSERT INTO DIARIO VALUES (1245, "fersal", 12345678);
INSERT INTO DIARIO VALUES (1246, "sebamp", 12345685);
INSERT INTO DIARIO VALUES (1247, "milop", 12345671);
INSERT INTO DIARIO VALUES (1248, "diesos", 12345690);
INSERT INTO DIARIO VALUES (1249, "jospan", 12345672);
INSERT INTO DIARIO VALUES (1250, "jowu", 12345678);
INSERT INTO DIARIO VALUES (1251, "caper", 12345680);
INSERT INTO DIARIO VALUES (1252, "ferom", 12345690);
INSERT INTO DIARIO VALUES (1253, "crisam", 12345691);
INSERT INTO DIARIO VALUES (1254, "palcor", 12345692);
INSERT INTO DIARIO VALUES (1255, "gracgu", 12345109);
INSERT INTO DIARIO VALUES (1256, "genba", 12345110);
INSERT INTO DIARIO VALUES (1257, "gable", 12345672);
INSERT INTO DIARIO VALUES (1258, "ricox", 12345674);
INSERT INTO DIARIO VALUES (1259, "anmal", 12345679);
INSERT INTO DIARIO VALUES (1260, "usuap1", 12345685);
INSERT INTO DIARIO VALUES (1261, "usuap2", 12345681);
INSERT INTO DIARIO VALUES (1262, "usuap3", 12345682);
INSERT INTO DIARIO VALUES (1263, "usuap4", 12345683);
INSERT INTO DIARIO VALUES (1264, "usuap5", 12345684);
INSERT INTO DIARIO VALUES (1265, "usuap6", 12345686);
INSERT INTO DIARIO VALUES (1266, "usuap7", 12345687);
INSERT INTO DIARIO VALUES (1267, "usuap8", 12345688);
INSERT INTO DIARIO VALUES (1268, "usuap9", 12345689);
INSERT INTO DIARIO VALUES (1269, "usuap10", 12345693);
INSERT INTO DIARIO VALUES (1270, "usuap11", 12345694);

INSERT INTO EMOCION VALUES (1, "ENOJO");
INSERT INTO EMOCION VALUES (2, "TRISTEZA");
INSERT INTO EMOCION VALUES (3, "FELICIDAD");
INSERT INTO EMOCION VALUES (4, "ALEGRIA");
INSERT INTO EMOCION VALUES (5, "MIEDO");
INSERT INTO EMOCION VALUES (6, "ALEGRIA");
INSERT INTO EMOCION VALUES (7, "FELICIDAD");
INSERT INTO EMOCION VALUES (8, "MIEDO");
INSERT INTO EMOCION VALUES (9, "ALEGRIA");
INSERT INTO EMOCION VALUES (10, "FELICIDAD");
INSERT INTO EMOCION VALUES (11, "TRISTEZA");
INSERT INTO EMOCION VALUES (12, "MIEDO");
INSERT INTO EMOCION VALUES (13, "PREOCUPACION");
INSERT INTO EMOCION VALUES (14, "ALEGRIA");
INSERT INTO EMOCION VALUES (15, "TRISTEZA");
INSERT INTO EMOCION VALUES (16, "ALEGRIA");
INSERT INTO EMOCION VALUES (17, "ENOJO");
INSERT INTO EMOCION VALUES (18, "FELICIDAD");
INSERT INTO EMOCION VALUES (19, "TRISTEZA");
INSERT INTO EMOCION VALUES (20, "FELICIDAD");
INSERT INTO EMOCION VALUES (21, "FELICIDAD");
INSERT INTO EMOCION VALUES (22, "TRISTEZA");
INSERT INTO EMOCION VALUES (23, "ALEGRIA");
INSERT INTO EMOCION VALUES (24, "PREOCUPACION");
INSERT INTO EMOCION VALUES (25, "ENOJO");
INSERT INTO EMOCION VALUES (26, "ALEGRIA");
INSERT INTO EMOCION VALUES (27, "DISGUSTO");
INSERT INTO EMOCION VALUES (28, "FELICIDAD");
INSERT INTO EMOCION VALUES (29, "ENOJO");
INSERT INTO EMOCION VALUES (30, "DISGUSTO");
INSERT INTO EMOCION VALUES (31, "MIEDO");
INSERT INTO EMOCION VALUES (32, "ALEGRIA");
INSERT INTO EMOCION VALUES (33, "FELICIDAD");
INSERT INTO EMOCION VALUES (34, "PREOCUPACION");
INSERT INTO EMOCION VALUES (35, "CON ENERGIA");
INSERT INTO EMOCION VALUES (36, "FELICIDAD");
INSERT INTO EMOCION VALUES (37, "ALEGRIA");
INSERT INTO EMOCION VALUES (38, "TRISTEZA");
INSERT INTO EMOCION VALUES (39, "CON ENERGIA");
INSERT INTO EMOCION VALUES (40, "MIEDO");

INSERT INTO ENTRADA_DIARIO(FECHAHORA,NOTA,DIARIO_ID,EMOCION_ID) VALUES ("2021-12-04 14:30:24","ME SIENTO MUCHO MEJOR QUE EN DIAS ANTERIORES",1231,3);
INSERT INTO ENTRADA_DIARIO(FECHAHORA,NOTA,DIARIO_ID,EMOCION_ID) VALUES ("2021-10-04 13:30:24","ME SIENTO TRISTE POR MI FAMILIA",1232,2);
INSERT INTO ENTRADA_DIARIO(FECHAHORA,NOTA,DIARIO_ID,EMOCION_ID) VALUES ("2021-08-12 14:30:24","ME SIENTO MUCHO MEJOR QUE EN DIAS ANTERIORES",1231,4);
INSERT INTO ENTRADA_DIARIO(FECHAHORA,NOTA,DIARIO_ID,EMOCION_ID) VALUES ("2021-09-04 15:30:24","ME SIENTO PEOR MEJOR QUE EN DIAS ANTERIORES",1233,11);
INSERT INTO ENTRADA_DIARIO(FECHAHORA,NOTA,DIARIO_ID,EMOCION_ID) VALUES ("2021-12-12 12:30:24","HOY TUVE MI PRIMERA CITA Y ME HIZO SENTIR BIEN",1239,10);
INSERT INTO ENTRADA_DIARIO(FECHAHORA,NOTA,DIARIO_ID,EMOCION_ID) VALUES ("2021-11-24 14:00:24","ME PASO ALGO QUE ME HIZO SENTIR MAL",1238,11);
INSERT INTO ENTRADA_DIARIO(FECHAHORA,NOTA,DIARIO_ID,EMOCION_ID) VALUES ("2021-07-13 11:30:24","ME SWNRI INUTIL AL NO PODER AYUDAR A MIS AMIGOS",1235,18);
INSERT INTO ENTRADA_DIARIO(FECHAHORA,NOTA,DIARIO_ID,EMOCION_ID) VALUES ("2021-12-20 14:20:24","HOY PUDE APOYAR A MI FAMILIA Y ME SENTI FELIZ",1237,14);
INSERT INTO ENTRADA_DIARIO(FECHAHORA,NOTA,DIARIO_ID,EMOCION_ID) VALUES ("2021-08-08 14:00:24","ME SIENTO CON MIEDO A LO QUE PUEDA PASAR EN EL FUTURO",1235,5);
INSERT INTO ENTRADA_DIARIO(FECHAHORA,NOTA,DIARIO_ID,EMOCION_ID) VALUES ("2021-10-10 13:30:24","SIENTO QUE LAS COSAS PODRIAN HABER SIDO MEJORES",1235,13);
INSERT INTO ENTRADA_DIARIO(FECHAHORA,NOTA,DIARIO_ID,EMOCION_ID) VALUES ("2021-09-02 12:45:24","ME SIENTO UN POCO TRISTE",1235,15);
INSERT INTO ENTRADA_DIARIO(FECHAHORA,NOTA,DIARIO_ID,EMOCION_ID) VALUES ("2021-11-07 18:30:24","ME SIENTO FELIZ",1245,16);
INSERT INTO ENTRADA_DIARIO(FECHAHORA,NOTA,DIARIO_ID,EMOCION_ID) VALUES ("2021-12-17 16:50:24","SIENTO QUE PUEDO HACER TODO LO QUE ME PROPONGA",1234,20);
INSERT INTO ENTRADA_DIARIO(FECHAHORA,NOTA,DIARIO_ID,EMOCION_ID) VALUES ("2021-11-14 17:30:24","ESTOY FELIZ POR ALGO QUE ME PASO",1240,7);
INSERT INTO ENTRADA_DIARIO(FECHAHORA,NOTA,DIARIO_ID,EMOCION_ID) VALUES ("2021-10-29 10:40:24","ME SIENTO ENOJADO POR UNA PELEA QUE TUVE",1235,17);
INSERT INTO ENTRADA_DIARIO(FECHAHORA,NOTA,DIARIO_ID,EMOCION_ID) VALUES ("2021-12-28 08:30:24","ME SIENTO MUCHO MEJOR QUE DIAS ATRAS",1232,9);
INSERT INTO ENTRADA_DIARIO(FECHAHORA,NOTA,DIARIO_ID,EMOCION_ID) VALUES ("2021-09-17 10:15:24","SIENTO QUE NO LE AGARDO A LA GENTE",1235,8);
INSERT INTO ENTRADA_DIARIO(FECHAHORA,NOTA,DIARIO_ID,EMOCION_ID) VALUES ("2021-12-23 09:30:24","ME SIENTO ALEGRE",1237,6);
INSERT INTO ENTRADA_DIARIO(FECHAHORA,NOTA,DIARIO_ID,EMOCION_ID) VALUES ("2021-08-12 12:20:24","ME SIENTO TRISTE POR QUE PERDI ALGO IMPORTANTE",1236,19);
INSERT INTO ENTRADA_DIARIO(FECHAHORA,NOTA,DIARIO_ID,EMOCION_ID) VALUES ("2021-11-24 13:50:24","ME SIENTO TEMEROSO",1250,12);
INSERT INTO ENTRADA_DIARIO(FECHAHORA,NOTA,DIARIO_ID,EMOCION_ID) VALUES ("2021-10-24 13:50:24","ME SIENTO MUY BIEN EL DIA DE HOY",1251,21);
INSERT INTO ENTRADA_DIARIO(FECHAHORA,NOTA,DIARIO_ID,EMOCION_ID) VALUES ("2022-01-24 14:20:24","MIS PADRES ME HICIERON LLORAR",1252,22);
INSERT INTO ENTRADA_DIARIO(FECHAHORA,NOTA,DIARIO_ID,EMOCION_ID) VALUES ("2022-01-24 15:40:24","ME RECONCILIE CON MI MEJOR AMIGA",1253,23);
INSERT INTO ENTRADA_DIARIO(FECHAHORA,NOTA,DIARIO_ID,EMOCION_ID) VALUES ("2021-12-24 16:30:24","TENGO MIEDO POR LO QUE PASE MAÑANA",1254,24);
INSERT INTO ENTRADA_DIARIO(FECHAHORA,NOTA,DIARIO_ID,EMOCION_ID) VALUES ("2022-01-24 17:10:24","ME SIENTO FURIOSO CON MIS PADRES",1255,25);
INSERT INTO ENTRADA_DIARIO(FECHAHORA,NOTA,DIARIO_ID,EMOCION_ID) VALUES ("2022-01-24 09:00:24","ESTOY MUY FELIZ",1256,26);
INSERT INTO ENTRADA_DIARIO(FECHAHORA,NOTA,DIARIO_ID,EMOCION_ID) VALUES ("2021-12-24 08:40:24","ME DIO ASCO LOQ UE HIZO UN COMPAÑERO",1257,27);
INSERT INTO ENTRADA_DIARIO(FECHAHORA,NOTA,DIARIO_ID,EMOCION_ID) VALUES ("2021-11-24 10:30:24","SAQUE BIEN EN MI LECCION",1258,28);
INSERT INTO ENTRADA_DIARIO(FECHAHORA,NOTA,DIARIO_ID,EMOCION_ID) VALUES ("2021-10-24 11:10:24","ODIO CUANDO ME IGNORAN",1259,29);
INSERT INTO ENTRADA_DIARIO(FECHAHORA,NOTA,DIARIO_ID,EMOCION_ID) VALUES ("2022-01-24 12:20:24","LA MAESTRA ME TRATO HORRIBLE HOY",1260,30);
INSERT INTO ENTRADA_DIARIO(FECHAHORA,NOTA,DIARIO_ID,EMOCION_ID) VALUES ("2022-01-24 13:40:24","CREO QUE MIS PADRES ME VAN A RETAR",1261,31);
INSERT INTO ENTRADA_DIARIO(FECHAHORA,NOTA,DIARIO_ID,EMOCION_ID) VALUES ("2022-01-24 14:40:24","MI MEJOR AMIGO Y YO HICIMOS UNA FIESTA",1262,32);
INSERT INTO ENTRADA_DIARIO(FECHAHORA,NOTA,DIARIO_ID,EMOCION_ID) VALUES ("2021-10-24 15:20:24","AYUDE A MI FAMILIA",1263,33);
INSERT INTO ENTRADA_DIARIO(FECHAHORA,NOTA,DIARIO_ID,EMOCION_ID) VALUES ("2021-11-24 16:30:24","TENGO MIEDO DE SACAR MALO EN MI EXAMEN",1264,34);
INSERT INTO ENTRADA_DIARIO(FECHAHORA,NOTA,DIARIO_ID,EMOCION_ID) VALUES ("2022-01-24 17:50:24","SIENTO QUE PUEDO HACER CUALQUIER COSA",1265,35);
INSERT INTO ENTRADA_DIARIO(FECHAHORA,NOTA,DIARIO_ID,EMOCION_ID) VALUES ("2022-12-24 18:00:24","PASE MI SEMESTRE CON BUENAS NOTAS",1266,36);
INSERT INTO ENTRADA_DIARIO(FECHAHORA,NOTA,DIARIO_ID,EMOCION_ID) VALUES ("2021-10-24 09:10:24","LOGRE MIS OBJETIVOS",1267,37);
INSERT INTO ENTRADA_DIARIO(FECHAHORA,NOTA,DIARIO_ID,EMOCION_ID) VALUES ("2022-01-24 10:20:24","MI MASCOTA FALLECIO",1268,38);
INSERT INTO ENTRADA_DIARIO(FECHAHORA,NOTA,DIARIO_ID,EMOCION_ID) VALUES ("2021-11-24 11:20:24","DORMI MUCHO Y ESTOY LISTO PARA ESTE DIA",1269,39);
INSERT INTO ENTRADA_DIARIO(FECHAHORA,NOTA,DIARIO_ID,EMOCION_ID) VALUES ("2022-01-24 12:30:24","SIENTO QUE HAY ALGO QUE ME VIGILA",1270,40);

INSERT INTO CARACTERISTICA VALUES (12341,"DEPRESION",'john_v10');
INSERT INTO CARACTERISTICA VALUES (12342,"SOLEDAD",'alanvillav');
INSERT INTO CARACTERISTICA VALUES (12343,"ANSIEDAD",'carlosloor');
INSERT INTO CARACTERISTICA VALUES (12344,"ANOREXIA",'zargame');
INSERT INTO CARACTERISTICA VALUES (12345,"DEPRESION",'jagarces');
INSERT INTO CARACTERISTICA VALUES (12346,"BULIMIA",'jagarces');
INSERT INTO CARACTERISTICA VALUES (12347,"ANSIEDAD",'giunvein');
INSERT INTO CARACTERISTICA VALUES (12348,"DEPRESION",'camneva');
INSERT INTO CARACTERISTICA VALUES (12349,"ANSIEDAD",'milop');
INSERT INTO CARACTERISTICA VALUES (12310,"DEPRESION",'jowu');
INSERT INTO CARACTERISTICA VALUES (12311,"SOLEDAD",'carlosloor');
INSERT INTO CARACTERISTICA VALUES (12312,"ANOREXIA",'zargame');
INSERT INTO CARACTERISTICA VALUES (12313,"BULIMIA",'john_v10');
INSERT INTO CARACTERISTICA VALUES (12314,"DEPRESION",'fersal');
INSERT INTO CARACTERISTICA VALUES (12315,"ANSIEDAD",'sebamp');
INSERT INTO CARACTERISTICA VALUES (12316,"ANOREXIA",'diesos');
INSERT INTO CARACTERISTICA VALUES (12317,"DEPRESION",'josper');
INSERT INTO CARACTERISTICA VALUES (12318,"SOLEDAD",'jospan');
INSERT INTO CARACTERISTICA VALUES (12319,"ANSIEDAD",'ethago');
INSERT INTO CARACTERISTICA VALUES (12320,"DEPRESION",'mecal');
INSERT INTO CARACTERISTICA VALUES (12321,"DEPRESION",'caper');
INSERT INTO CARACTERISTICA VALUES (12322,"ANSIEDAD",'ferom');
INSERT INTO CARACTERISTICA VALUES (12323,"ANSIEDAD",'crisam');
INSERT INTO CARACTERISTICA VALUES (12324,"BULIMIA",'palcor');
INSERT INTO CARACTERISTICA VALUES (12325,"ANOREXIA",'gracgu');
INSERT INTO CARACTERISTICA VALUES (12326,"ANSIEDAD",'genba');
INSERT INTO CARACTERISTICA VALUES (12327,"SOLEDAD",'gable');
INSERT INTO CARACTERISTICA VALUES (12328,"BULIMIA",'ricox');
INSERT INTO CARACTERISTICA VALUES (12329,"ANOREXIA",'anmal');
INSERT INTO CARACTERISTICA VALUES (12330,"DEPRESION",'usuap1');
INSERT INTO CARACTERISTICA VALUES (12331,"DEPRESION",'usuap2');
INSERT INTO CARACTERISTICA VALUES (12332,"SOLEDAD",'usuap3');
INSERT INTO CARACTERISTICA VALUES (12333,"SOLEDAD",'usuap4');
INSERT INTO CARACTERISTICA VALUES (12334,"DEPRESION",'usuap5');
INSERT INTO CARACTERISTICA VALUES (12335,"DEPRESION",'usuap6');
INSERT INTO CARACTERISTICA VALUES (12336,"ANSIEDAD",'usuap7');
INSERT INTO CARACTERISTICA VALUES (12337,"DEPRESION",'usuap8');
INSERT INTO CARACTERISTICA VALUES (12338,"ANSIEDAD",'usuap9');
INSERT INTO CARACTERISTICA VALUES (12339,"DEPRESION",'usuap10');
INSERT INTO CARACTERISTICA VALUES (12340,"SOLEDAD",'usuap11');

INSERT INTO ESP_DISPONIBLE VALUES ("2022-01-02 14:30:00",true,'12345671');
INSERT INTO ESP_DISPONIBLE VALUES ("2022-01-06 14:30:00",true,'12345672');
INSERT INTO ESP_DISPONIBLE VALUES ("2022-03-11 15:30:00",true,'12345673');
INSERT INTO ESP_DISPONIBLE VALUES ("2022-02-22 15:00:00",true,'12345674');
INSERT INTO ESP_DISPONIBLE VALUES ("2022-03-20 14:30:00",false,'12345675');
INSERT INTO ESP_DISPONIBLE VALUES ("2022-01-17 16:00:00",true,'12345676');
INSERT INTO ESP_DISPONIBLE VALUES ("2022-01-16 14:00:00",false,'12345677');
INSERT INTO ESP_DISPONIBLE VALUES ("2022-02-24 16:30:00",false,'12345678');
INSERT INTO ESP_DISPONIBLE VALUES ("2022-01-22 14:30:00",true,'12345679');
INSERT INTO ESP_DISPONIBLE VALUES ("2022-02-21 16:30:00",false,'12345680');
INSERT INTO ESP_DISPONIBLE VALUES ("2022-03-27 17:00:00",false,'12345681');
INSERT INTO ESP_DISPONIBLE VALUES ("2022-03-15 17:00:00",false,'12345682');
INSERT INTO ESP_DISPONIBLE VALUES ("2022-03-18 10:30:00",true,'12345683');
INSERT INTO ESP_DISPONIBLE VALUES ("2022-02-17 10:30:00",false,'12345684');
INSERT INTO ESP_DISPONIBLE VALUES ("2021-04-14 12:00:00",false,'12345685');
INSERT INTO ESP_DISPONIBLE VALUES ("2022-04-23 12:00:00",true,'12345686');
INSERT INTO ESP_DISPONIBLE VALUES ("2022-04-30 14:30:00",false,'12345687');
INSERT INTO ESP_DISPONIBLE VALUES ("2022-03-12 14:30:00",true,'12345688');
INSERT INTO ESP_DISPONIBLE VALUES ("2022-03-04 13:00:00",false,'12345689');
INSERT INTO ESP_DISPONIBLE VALUES ("2022-01-10 14:00:00",false,'12345690');
INSERT INTO ESP_DISPONIBLE VALUES ("2022-02-01 14:30:00",false,'12345691');
INSERT INTO ESP_DISPONIBLE VALUES ("2022-02-04 14:30:00",true,'12345692');
INSERT INTO ESP_DISPONIBLE VALUES ("2022-03-12 15:30:00",true,'12345693');
INSERT INTO ESP_DISPONIBLE VALUES ("2022-02-23 15:00:00",false,'12345694');
INSERT INTO ESP_DISPONIBLE VALUES ("2022-02-24 14:30:00",true,'12345695');
INSERT INTO ESP_DISPONIBLE VALUES ("2022-02-12 16:00:00",false,'12345696');
INSERT INTO ESP_DISPONIBLE VALUES ("2022-03-14 14:00:00",false,'12345697');
INSERT INTO ESP_DISPONIBLE VALUES ("2022-02-13 16:30:00",true,'12345698');
INSERT INTO ESP_DISPONIBLE VALUES ("2022-04-21 14:30:00",false,'12345699');
INSERT INTO ESP_DISPONIBLE VALUES ("2022-02-23 16:30:00",true,'12345100');
INSERT INTO ESP_DISPONIBLE VALUES ("2022-03-28 17:00:00",false,'12345101');
INSERT INTO ESP_DISPONIBLE VALUES ("2022-03-12 17:00:00",false,'12345102');
INSERT INTO ESP_DISPONIBLE VALUES ("2022-03-14 10:30:00",true,'12345103');
INSERT INTO ESP_DISPONIBLE VALUES ("2022-02-15 10:30:00",false,'12345104');
INSERT INTO ESP_DISPONIBLE VALUES ("2021-02-17 12:00:00",true,'12345105');
INSERT INTO ESP_DISPONIBLE VALUES ("2022-02-12 12:00:00",false,'12345106');
INSERT INTO ESP_DISPONIBLE VALUES ("2022-03-02 14:30:00",false,'12345107');
INSERT INTO ESP_DISPONIBLE VALUES ("2022-02-08 14:30:00",true,'12345108');
INSERT INTO ESP_DISPONIBLE VALUES ("2022-03-05 13:00:00",false,'12345109');
INSERT INTO ESP_DISPONIBLE VALUES ("2022-02-09 14:00:00",true,'12345110');





